"task","engine","median_sec","baseline_sec","speedup_vs_baseline"
"aggregate_sum","Bioconductor_baseline",2.71100000000024,2.71100000000024,1
"aggregate_sum","fastRanges",1.58300000000008,2.71100000000024,1.71257106759324
"count_by_group","Bioconductor_baseline",2.58799999999974,2.58799999999974,1
"count_by_group","fastRanges",1.76599999999962,2.58799999999974,1.46545866364682
"self_overlaps","Bioconductor_baseline",0.730000000000018,0.730000000000018,1
"self_overlaps","fastRanges",0.576999999999771,0.730000000000018,1.26516464471457
"window_count","Bioconductor_baseline",2.53700000000026,2.53700000000026,1
"window_count","fastRanges",2.10600000000022,2.53700000000026,1.20465337132004
